{"cameraMode":{"drawMode":0,"name":"Shaded","section":"Shading Mode"},"sceneLighting":true,"audioPlay":false,"sceneViewState":{"showFog":true,"showMaterialUpdate":true,"showSkybox":true,"showFlares":true,"showImageEffects":true,"showParticleSystems":true},"in2DMode":false,"pivot":{"x":-2.513058662414551,"y":1.0137865543365479,"z":3.5130598545074465},"rotation":{"x":0.31024226546287539,"y":-0.4582255780696869,"z":0.17452682554721833,"w":0.814609169960022},"size":0.902251660823822,"orthographic":false}