{"cameraMode":{"drawMode":0,"name":"Shaded","section":"Shading Mode"},"sceneLighting":true,"audioPlay":false,"sceneViewState":{"showFog":true,"showMaterialUpdate":false,"showSkybox":true,"showFlares":true,"showImageEffects":true,"showParticleSystems":true},"in2DMode":false,"pivot":{"x":0.2670783996582031,"y":2.2498655319213869,"z":0.5643477439880371},"rotation":{"x":-0.3528611660003662,"y":0.48950448632240298,"z":-0.22588683664798737,"w":-0.7647718787193298},"size":4.447000980377197,"orthographic":false}