{"cameraMode":{"drawMode":0,"name":"Shaded","section":"Shading Mode"},"sceneLighting":true,"audioPlay":false,"sceneViewState":{"showFog":true,"showMaterialUpdate":true,"showSkybox":true,"showFlares":true,"showImageEffects":true,"showParticleSystems":true},"in2DMode":false,"pivot":{"x":0.6786537170410156,"y":1.4204702377319337,"z":-1.2456746101379395},"rotation":{"x":0.34109416604042055,"y":-0.37408608198165896,"z":0.15024422109127046,"w":0.849326491355896},"size":3.5492382049560549,"orthographic":false}