{"cameraMode":{"drawMode":0,"name":"Shaded","section":"Shading Mode"},"sceneLighting":true,"audioPlay":false,"sceneViewState":{"showFog":true,"showMaterialUpdate":false,"showSkybox":true,"showFlares":true,"showImageEffects":true,"showParticleSystems":true},"in2DMode":false,"pivot":{"x":-2.082489252090454,"y":-0.5558230876922607,"z":1.6013630628585816},"rotation":{"x":-0.3950101435184479,"y":0.3880935311317444,"z":-0.18916501104831696,"w":-0.8109928965568543},"size":8.945884704589844,"orthographic":false}