{"cameraMode":{"drawMode":0,"name":"Shaded","section":"Shading Mode"},"sceneLighting":true,"audioPlay":false,"sceneViewState":{"showFog":true,"showMaterialUpdate":true,"showSkybox":true,"showFlares":true,"showImageEffects":true,"showParticleSystems":true},"in2DMode":false,"pivot":{"x":3.770382881164551,"y":0.0663766860961914,"z":0.6500819325447083},"rotation":{"x":-0.3384770452976227,"y":0.44044336676597597,"z":-0.18461492657661439,"w":-0.8110635876655579},"size":5.624533653259277,"orthographic":false}