{"cameraMode":{"drawMode":0,"name":"Shaded","section":"Shading Mode"},"sceneLighting":true,"audioPlay":false,"sceneViewState":{"showFog":true,"showMaterialUpdate":false,"showSkybox":true,"showFlares":true,"showImageEffects":true,"showParticleSystems":true},"in2DMode":false,"pivot":{"x":3.0148587226867677,"y":0.08495426177978516,"z":2.150839328765869},"rotation":{"x":-0.28140172362327578,"y":0.6935294270515442,"z":-0.34430766105651858,"w":-0.5668195486068726},"size":4.31760835647583,"orthographic":false}