{"cameraMode":{"drawMode":0,"name":"Shaded","section":"Shading Mode"},"sceneLighting":true,"audioPlay":false,"sceneViewState":{"showFog":true,"showMaterialUpdate":false,"showSkybox":true,"showFlares":true,"showImageEffects":true,"showParticleSystems":true},"in2DMode":false,"pivot":{"x":-0.07503700256347656,"y":-0.24506235122680665,"z":-1.3355441093444825},"rotation":{"x":-0.3492125868797302,"y":0.4049713909626007,"z":-0.17088986933231355,"w":-0.8275570869445801},"size":3.425429344177246,"orthographic":false}