{"cameraMode":{"drawMode":0,"name":"Shaded","section":"Shading Mode"},"sceneLighting":true,"audioPlay":false,"sceneViewState":{"showFog":true,"showMaterialUpdate":true,"showSkybox":true,"showFlares":true,"showImageEffects":true,"showParticleSystems":true},"in2DMode":false,"pivot":{"x":0.15287208557128907,"y":-1.298295021057129,"z":2.0725138187408449},"rotation":{"x":-0.5302408933639526,"y":-0.2820333242416382,"z":0.19271188974380494,"w":-0.7760622501373291},"size":4.737869739532471,"orthographic":false}