{"cameraMode":{"drawMode":0,"name":"Shaded","section":"Shading Mode"},"sceneLighting":true,"audioPlay":false,"sceneViewState":{"showFog":true,"showMaterialUpdate":true,"showSkybox":true,"showFlares":true,"showImageEffects":true,"showParticleSystems":true},"in2DMode":false,"pivot":{"x":0.8294110298156738,"y":0.13387203216552735,"z":0.5209269523620606},"rotation":{"x":-0.4118168354034424,"y":-0.2623545527458191,"z":0.12512724101543427,"w":-0.8637889623641968},"size":6.057531356811523,"orthographic":false}