{"cameraMode":{"drawMode":0,"name":"Shaded","section":"Shading Mode"},"sceneLighting":true,"audioPlay":false,"sceneViewState":{"showFog":true,"showMaterialUpdate":false,"showSkybox":true,"showFlares":true,"showImageEffects":true,"showParticleSystems":true},"in2DMode":false,"pivot":{"x":-1.1695795059204102,"y":-2.741787910461426,"z":1.4883625507354737},"rotation":{"x":-0.2385946810245514,"y":0.37049782276153567,"z":-0.09907997399568558,"w":-0.892193615436554},"size":5.929157257080078,"orthographic":false}