{"cameraMode":{"drawMode":0,"name":"Shaded","section":"Shading Mode"},"sceneLighting":false,"audioPlay":false,"sceneViewState":{"showFog":true,"showMaterialUpdate":false,"showSkybox":false,"showFlares":true,"showImageEffects":true,"showParticleSystems":true},"in2DMode":false,"pivot":{"x":0.9763213396072388,"y":1.1648945808410645,"z":0.8180832862854004},"rotation":{"x":0.14610807597637177,"y":-0.5993654131889343,"z":0.11239980906248093,"w":0.7789785861968994},"size":1.755906343460083,"orthographic":false}