{"cameraMode":{"drawMode":0,"name":"Shaded","section":"Shading Mode"},"sceneLighting":false,"audioPlay":false,"sceneViewState":{"showFog":true,"showMaterialUpdate":false,"showSkybox":false,"showFlares":true,"showImageEffects":true,"showParticleSystems":true},"in2DMode":false,"pivot":{"x":-0.8962201476097107,"y":0.7634211778640747,"z":1.0361082553863526},"rotation":{"x":0.14001283049583436,"y":-0.48441579937934878,"z":0.07886980473995209,"w":0.859954297542572},"size":1.181047797203064,"orthographic":true}