{"cameraMode":{"drawMode":0,"name":"Shaded","section":"Shading Mode"},"sceneLighting":false,"audioPlay":false,"sceneViewState":{"showFog":true,"showMaterialUpdate":false,"showSkybox":false,"showFlares":true,"showImageEffects":true,"showParticleSystems":true},"in2DMode":false,"pivot":{"x":-0.8960999846458435,"y":0.75,"z":0.9900000095367432},"rotation":{"x":-0.00013980170479044318,"y":0.9885188937187195,"z":-0.0014871377497911454,"w":-0.15121856331825257},"size":1.4420256614685059,"orthographic":true}