{"cameraMode":{"drawMode":0,"name":"Shaded","section":"Shading Mode"},"sceneLighting":true,"audioPlay":false,"sceneViewState":{"showFog":true,"showMaterialUpdate":true,"showSkybox":true,"showFlares":true,"showImageEffects":true,"showParticleSystems":true},"in2DMode":false,"pivot":{"x":-3.027764320373535,"y":-2.4289021492004396,"z":0.8318214416503906},"rotation":{"x":0.248661071062088,"y":-0.4821069836616516,"z":0.1449369192123413,"w":0.827698290348053},"size":7.20559024810791,"orthographic":false}