{"cameraMode":{"drawMode":0,"name":"Shaded","section":"Shading Mode"},"sceneLighting":false,"audioPlay":false,"sceneViewState":{"showFog":true,"showMaterialUpdate":false,"showSkybox":false,"showFlares":true,"showImageEffects":true,"showParticleSystems":true},"in2DMode":false,"pivot":{"x":1.4804387092590333,"y":1.0,"z":1.6238160133361817},"rotation":{"x":0.3740827739238739,"y":0.0069549414329230789,"z":-0.002794618019834161,"w":0.9274222254753113},"size":1.2333288192749024,"orthographic":false}